{
  "timestamp": 1782547219.6843321,
  "environment": "Local_Config",
  "audits": {
    "manifold_orthogonality": {
      "status": "PASSED",
      "max_deviation": 4.200369949103333e-05,
      "details": {
        "layers.0.experts.0.phase_shift.weight": 4.1083269024966285e-05,
        "layers.0.experts.1.phase_shift.weight": 4.186228397884406e-05,
        "layers.0.experts.2.phase_shift.weight": 4.055306635564193e-05,
        "layers.0.experts.3.phase_shift.weight": 3.93623486161232e-05,
        "layers.0.experts.4.phase_shift.weight": 4.1694795072544366e-05,
        "layers.0.experts.5.phase_shift.weight": 4.135061317356303e-05,
        "layers.0.experts.6.phase_shift.weight": 4.104426989215426e-05,
        "layers.0.experts.7.phase_shift.weight": 4.126499698031694e-05,
        "layers.0.experts.8.phase_shift.weight": 4.1508301364956424e-05,
        "layers.0.experts.9.phase_shift.weight": 3.980782275903039e-05,
        "layers.0.experts.10.phase_shift.weight": 4.1565392166376114e-05,
        "layers.0.experts.11.phase_shift.weight": 4.06748840759974e-05,
        "layers.0.experts.12.phase_shift.weight": 4.200369949103333e-05,
        "layers.0.experts.13.phase_shift.weight": 4.067603367730044e-05,
        "layers.0.experts.14.phase_shift.weight": 3.98388656321913e-05,
        "layers.0.experts.15.phase_shift.weight": 4.1060389776248485e-05
      }
    },
    "phase_invariants": {
      "status": "PASSED",
      "errors": []
    },
    "thermostat_gating": {
      "status": "PASSED",
      "telemetry": {
        "applied_voltage": 0.041015625,
        "noise_shape": [
          1,
          4096
        ]
      }
    },
    "program_induction": {
      "status": "PASSED",
      "metrics": {
        "passed_cases": 1,
        "total_cases": 1,
        "latency_ms": 1438.0714893341064
      }
    },
    "cross_zone_orthogonality": {
      "status": "PASSED",
      "errors": []
    }
  },
  "system_healthy": true
}