{
  "timestamp": 1782452740.8346694,
  "environment": "Local_Config",
  "audits": {
    "manifold_orthogonality": {
      "status": "PASSED",
      "max_deviation": 4.439935219124891e-05,
      "details": {
        "layers.0.experts.0.phase_shift.weight": 3.9707301766611636e-05,
        "layers.0.experts.1.phase_shift.weight": 4.291319055482745e-05,
        "layers.0.experts.2.phase_shift.weight": 4.1200015402864665e-05,
        "layers.0.experts.3.phase_shift.weight": 4.227168028592132e-05,
        "layers.0.experts.4.phase_shift.weight": 4.0761799027677625e-05,
        "layers.0.experts.5.phase_shift.weight": 4.2840634705498815e-05,
        "layers.0.experts.6.phase_shift.weight": 4.1645198507467285e-05,
        "layers.0.experts.7.phase_shift.weight": 4.035550955450162e-05,
        "layers.0.experts.8.phase_shift.weight": 4.086266926606186e-05,
        "layers.0.experts.9.phase_shift.weight": 4.044195884489454e-05,
        "layers.0.experts.10.phase_shift.weight": 4.022392022307031e-05,
        "layers.0.experts.11.phase_shift.weight": 4.1005299863172695e-05,
        "layers.0.experts.12.phase_shift.weight": 4.34464673162438e-05,
        "layers.0.experts.13.phase_shift.weight": 4.030501440865919e-05,
        "layers.0.experts.14.phase_shift.weight": 3.995320003014058e-05,
        "layers.0.experts.15.phase_shift.weight": 4.2671876144595444e-05,
        "layers.1.experts.0.phase_shift.weight": 3.9882153942016885e-05,
        "layers.1.experts.1.phase_shift.weight": 4.127489955862984e-05,
        "layers.1.experts.2.phase_shift.weight": 4.3026193452533334e-05,
        "layers.1.experts.3.phase_shift.weight": 4.1275856347056106e-05,
        "layers.1.experts.4.phase_shift.weight": 4.270091449143365e-05,
        "layers.1.experts.5.phase_shift.weight": 3.927271973225288e-05,
        "layers.1.experts.6.phase_shift.weight": 4.0534723666496575e-05,
        "layers.1.experts.7.phase_shift.weight": 4.072990486747585e-05,
        "layers.1.experts.8.phase_shift.weight": 3.932811159756966e-05,
        "layers.1.experts.9.phase_shift.weight": 4.122807513340376e-05,
        "layers.1.experts.10.phase_shift.weight": 4.439935219124891e-05,
        "layers.1.experts.11.phase_shift.weight": 4.028071271022782e-05,
        "layers.1.experts.12.phase_shift.weight": 4.216580055071972e-05,
        "layers.1.experts.13.phase_shift.weight": 4.177604932920076e-05,
        "layers.1.experts.14.phase_shift.weight": 4.2004532588180155e-05,
        "layers.1.experts.15.phase_shift.weight": 4.1871535358950496e-05,
        "layers.2.experts.0.phase_shift.weight": 4.0508115489501506e-05,
        "layers.2.experts.1.phase_shift.weight": 4.056337274960242e-05,
        "layers.2.experts.2.phase_shift.weight": 3.955144347855821e-05,
        "layers.2.experts.3.phase_shift.weight": 4.152758265263401e-05,
        "layers.2.experts.4.phase_shift.weight": 4.233795698382892e-05,
        "layers.2.experts.5.phase_shift.weight": 4.0285718569066375e-05,
        "layers.2.experts.6.phase_shift.weight": 4.203295975457877e-05,
        "layers.2.experts.7.phase_shift.weight": 4.064129097969271e-05,
        "layers.2.experts.8.phase_shift.weight": 4.1044539102585986e-05,
        "layers.2.experts.9.phase_shift.weight": 4.2366329580545425e-05,
        "layers.2.experts.10.phase_shift.weight": 4.059256025357172e-05,
        "layers.2.experts.11.phase_shift.weight": 4.1814993892330676e-05,
        "layers.2.experts.12.phase_shift.weight": 4.027169416076504e-05,
        "layers.2.experts.13.phase_shift.weight": 4.40320472989697e-05,
        "layers.2.experts.14.phase_shift.weight": 4.047499896842055e-05,
        "layers.2.experts.15.phase_shift.weight": 4.031499702250585e-05,
        "layers.3.experts.0.phase_shift.weight": 4.109973815502599e-05,
        "layers.3.experts.1.phase_shift.weight": 4.1221530409529805e-05,
        "layers.3.experts.2.phase_shift.weight": 4.0954313590191305e-05,
        "layers.3.experts.3.phase_shift.weight": 4.158947922405787e-05,
        "layers.3.experts.4.phase_shift.weight": 4.1298411815660074e-05,
        "layers.3.experts.5.phase_shift.weight": 4.1475712350802496e-05,
        "layers.3.experts.6.phase_shift.weight": 3.998349347966723e-05,
        "layers.3.experts.7.phase_shift.weight": 4.0994342271005735e-05,
        "layers.3.experts.8.phase_shift.weight": 4.145047932979651e-05,
        "layers.3.experts.9.phase_shift.weight": 4.053317752550356e-05,
        "layers.3.experts.10.phase_shift.weight": 4.167080987826921e-05,
        "layers.3.experts.11.phase_shift.weight": 4.1445706301601604e-05,
        "layers.3.experts.12.phase_shift.weight": 4.035268284496851e-05,
        "layers.3.experts.13.phase_shift.weight": 4.0150283894035965e-05,
        "layers.3.experts.14.phase_shift.weight": 3.923662370652892e-05,
        "layers.3.experts.15.phase_shift.weight": 3.89909946534317e-05
      }
    },
    "phase_invariants": {
      "status": "PASSED",
      "errors": []
    },
    "thermostat_gating": {
      "status": "PASSED",
      "telemetry": {
        "applied_voltage": 0.09423828125,
        "noise_shape": [
          1,
          4096
        ]
      }
    },
    "program_induction": {
      "status": "PASSED",
      "metrics": {
        "passed_cases": 1,
        "total_cases": 1,
        "latency_ms": 12.881040573120117
      }
    },
    "cross_zone_orthogonality": {
      "status": "PASSED",
      "errors": []
    }
  },
  "system_healthy": true
}