{
  "timestamp": 1782341864.2738245,
  "environment": "Local_Config",
  "audits": {
    "manifold_orthogonality": {
      "status": "PASSED",
      "max_deviation": 4.4830056140199304e-05,
      "details": {
        "layers.0.experts.0.phase_shift.weight": 4.0620834624860436e-05,
        "layers.0.experts.1.phase_shift.weight": 4.085339969606139e-05,
        "layers.0.experts.2.phase_shift.weight": 4.186008300166577e-05,
        "layers.0.experts.3.phase_shift.weight": 3.9485668821725994e-05,
        "layers.0.experts.4.phase_shift.weight": 4.017489482066594e-05,
        "layers.0.experts.5.phase_shift.weight": 4.090370566700585e-05,
        "layers.0.experts.6.phase_shift.weight": 4.19599782617297e-05,
        "layers.0.experts.7.phase_shift.weight": 4.1574621718609706e-05,
        "layers.0.experts.8.phase_shift.weight": 4.069915667059831e-05,
        "layers.0.experts.9.phase_shift.weight": 4.0439266740577295e-05,
        "layers.0.experts.10.phase_shift.weight": 3.97236472053919e-05,
        "layers.0.experts.11.phase_shift.weight": 4.1811454138951376e-05,
        "layers.0.experts.12.phase_shift.weight": 4.0301281842403114e-05,
        "layers.0.experts.13.phase_shift.weight": 4.222160714562051e-05,
        "layers.0.experts.14.phase_shift.weight": 4.2919265979435295e-05,
        "layers.0.experts.15.phase_shift.weight": 4.1545514250174165e-05,
        "layers.1.experts.0.phase_shift.weight": 4.4830056140199304e-05,
        "layers.1.experts.1.phase_shift.weight": 4.199653631076217e-05,
        "layers.1.experts.2.phase_shift.weight": 3.9925434975884855e-05,
        "layers.1.experts.3.phase_shift.weight": 4.091273876838386e-05,
        "layers.1.experts.4.phase_shift.weight": 3.998740794486366e-05,
        "layers.1.experts.5.phase_shift.weight": 4.0483497286913916e-05,
        "layers.1.experts.6.phase_shift.weight": 4.2656163714127615e-05,
        "layers.1.experts.7.phase_shift.weight": 4.2113399103982374e-05,
        "layers.1.experts.8.phase_shift.weight": 4.210928454995155e-05,
        "layers.1.experts.9.phase_shift.weight": 4.041744250571355e-05,
        "layers.1.experts.10.phase_shift.weight": 4.169241219642572e-05,
        "layers.1.experts.11.phase_shift.weight": 4.036080645164475e-05,
        "layers.1.experts.12.phase_shift.weight": 4.203926437185146e-05,
        "layers.1.experts.13.phase_shift.weight": 3.9784659747965634e-05,
        "layers.1.experts.14.phase_shift.weight": 4.40285075455904e-05,
        "layers.1.experts.15.phase_shift.weight": 4.130231900489889e-05,
        "layers.2.experts.0.phase_shift.weight": 4.038054248667322e-05,
        "layers.2.experts.1.phase_shift.weight": 4.1839612094918266e-05,
        "layers.2.experts.2.phase_shift.weight": 4.200825424049981e-05,
        "layers.2.experts.3.phase_shift.weight": 4.123598773730919e-05,
        "layers.2.experts.4.phase_shift.weight": 4.1647075704531744e-05,
        "layers.2.experts.5.phase_shift.weight": 3.949195524910465e-05,
        "layers.2.experts.6.phase_shift.weight": 4.06769358960446e-05,
        "layers.2.experts.7.phase_shift.weight": 4.149935921304859e-05,
        "layers.2.experts.8.phase_shift.weight": 4.3169744458282366e-05,
        "layers.2.experts.9.phase_shift.weight": 4.113331306143664e-05,
        "layers.2.experts.10.phase_shift.weight": 4.050591815030202e-05,
        "layers.2.experts.11.phase_shift.weight": 4.049217750434764e-05,
        "layers.2.experts.12.phase_shift.weight": 3.992141137132421e-05,
        "layers.2.experts.13.phase_shift.weight": 4.0777296817395836e-05,
        "layers.2.experts.14.phase_shift.weight": 4.291663572075777e-05,
        "layers.2.experts.15.phase_shift.weight": 3.9968854252947494e-05,
        "layers.3.experts.0.phase_shift.weight": 3.952316546929069e-05,
        "layers.3.experts.1.phase_shift.weight": 4.080888902535662e-05,
        "layers.3.experts.2.phase_shift.weight": 4.0071539842756465e-05,
        "layers.3.experts.3.phase_shift.weight": 4.1853287257254124e-05,
        "layers.3.experts.4.phase_shift.weight": 4.218348112772219e-05,
        "layers.3.experts.5.phase_shift.weight": 4.092342351214029e-05,
        "layers.3.experts.6.phase_shift.weight": 4.4196585804456845e-05,
        "layers.3.experts.7.phase_shift.weight": 4.0680992242414504e-05,
        "layers.3.experts.8.phase_shift.weight": 4.068706039106473e-05,
        "layers.3.experts.9.phase_shift.weight": 4.195842120680027e-05,
        "layers.3.experts.10.phase_shift.weight": 4.131655441597104e-05,
        "layers.3.experts.11.phase_shift.weight": 4.048758273711428e-05,
        "layers.3.experts.12.phase_shift.weight": 3.976701555075124e-05,
        "layers.3.experts.13.phase_shift.weight": 4.0983857616083696e-05,
        "layers.3.experts.14.phase_shift.weight": 4.0312250348506495e-05,
        "layers.3.experts.15.phase_shift.weight": 4.0341183193959296e-05
      }
    },
    "phase_invariants": {
      "status": "PASSED",
      "errors": []
    },
    "thermostat_gating": {
      "status": "PASSED",
      "telemetry": {
        "applied_voltage": 0.0380859375,
        "noise_shape": [
          1,
          4096
        ]
      }
    },
    "program_induction": {
      "status": "PASSED",
      "metrics": {
        "passed_cases": 1,
        "total_cases": 1,
        "latency_ms": 10.196924209594727
      }
    },
    "cross_zone_orthogonality": {
      "status": "PASSED",
      "errors": []
    }
  },
  "system_healthy": true
}